precision,recall,f1,roc_auc,pr_auc,fpr,seed,model,seconds
0.9757785467128028,0.9024,0.9376558603491272,0.9882227154569084,0.9834894065278196,0.0111977604479104,42,AE,
0.9742301812622844,0.8922,0.931412464766677,0.9882634473105378,0.9825153379930603,0.0117976404719056,42,IF,1.2052674293518066
0.9762881896944824,0.8564,0.9124227572981036,0.9791093781243752,0.9648223147417764,0.0103979204159168,42,Max-Z,0.0642597675323486
0.9778645833333334,0.9012,0.9379683597002498,0.9855050889822036,0.981302311999464,0.0101979604079184,42,OCSVM,4.310684680938721
0.9742280009287206,0.8392,0.9016869023315784,0.9714002199560088,0.9619872753960068,0.0110977804439112,43,AE,
0.9748777234326368,0.877,0.923352284691514,0.9875762347530496,0.9808211587723032,0.0112977404519096,43,IF,1.2392661571502686
0.9700297414779226,0.848,0.9049194322911108,0.9783632673465308,0.9622328581311368,0.0130973805238952,43,Max-Z,0.0369327068328857
0.9738534076296612,0.9088,0.9402027726050072,0.9854857728454308,0.9798646505460294,0.0121975604879024,43,OCSVM,4.31822395324707
0.9745989304812834,0.8748,0.9220067453625632,0.9836154869026196,0.9770334980505666,0.0113977204559088,44,AE,
0.9761797752808988,0.8688,0.9193650793650794,0.9875603879224156,0.9805835848632544,0.0105978804239152,44,IF,1.2421646118164062
0.9705750224618148,0.8642,0.9143038510368175,0.9797440911817636,0.9656655497151204,0.0130973805238952,44,Max-Z,0.0618131160736084
0.9741156169111302,0.9032,0.937318389373184,0.9869843731253748,0.9819577605374616,0.011997600479904,44,OCSVM,4.365322113037109
0.9712849964106246,0.8118,0.8844100664560409,0.9682825434913016,0.9590287505435052,0.011997600479904,45,AE,
0.9781167108753316,0.885,0.9292314153716924,0.989659448110378,0.983045992220056,0.0098980203959208,45,IF,0.7414002418518066
0.9714544630720436,0.8576,0.9109836413851712,0.9815859328134372,0.9684878974262724,0.0125974805038992,45,Max-Z,0.0254414081573486
0.9736164736164736,0.9078,0.939557027530532,0.9879156368726254,0.9835373774905594,0.0122975404919016,45,OCSVM,2.517636775970459
0.975377969762419,0.9032,0.937902388369678,0.9896581683663266,0.9847142984018038,0.0113977204559088,46,AE,
0.9804494382022472,0.8726,0.9233862433862434,0.9901929114177164,0.9840973055978516,0.0086982603479304,46,IF,1.241603136062622
0.9789915966386554,0.8388,0.903489875053856,0.9808467606478704,0.9667173188005266,0.008998200359928,46,Max-Z,0.0359015464782714
0.9740147249891729,0.8996,0.9353295903514244,0.9873821735652868,0.9823392888583918,0.011997600479904,46,OCSVM,4.37895131111145
0.9761646803900323,0.901,0.937077483099324,0.988891701659668,0.9828453579728356,0.010997800439912,47,AE,
0.9750679963735268,0.8604,0.9141521461963452,0.9867632073585284,0.978878673476112,0.010997800439912,47,IF,0.7603232860565186
0.9750800182898948,0.853,0.9099637294644762,0.9810602779444112,0.9669355185549788,0.0108978204359128,47,Max-Z,0.0257599353790283
0.9762879931019616,0.9058,0.9397240377632534,0.9871814437112576,0.9815282156546208,0.010997800439912,47,OCSVM,2.632549524307251
0.9765786452353616,0.8506,0.909246392303581,0.9766521395720856,0.9691343088297648,0.0101979604079184,48,AE,
0.9732084513177957,0.8936,0.9317068084662704,0.988971195760848,0.9836911845242944,0.0122975404919016,48,IF,1.29017972946167
0.9790660225442834,0.8512,0.9106665240184016,0.980630723855229,0.9708472012453646,0.0090981803639272,48,Max-Z,0.0450787544250488
0.977472645355074,0.9112,0.9431735845150604,0.9867167566486704,0.9827637690989948,0.010497900419916,48,OCSVM,3.088032960891724
0.973210458636948,0.9082,0.9395820401406992,0.9885283443311338,0.9827226930328984,0.0124975004999,49,AE,
0.9774635439681838,0.8848,0.928826369934915,0.9878328834233152,0.9817703409545868,0.0101979604079184,49,IF,1.1887438297271729
0.975103734439834,0.846,0.905975583636753,0.9801634173165366,0.9665268690522824,0.0107978404319136,49,Max-Z,0.0353951454162597
0.9761646803900323,0.901,0.937077483099324,0.9861073885222956,0.981161152324882,0.010997800439912,49,OCSVM,3.5042145252227783
0.9780119102153,0.854,0.9118086696562032,0.9767683163367328,0.9699569296435312,0.0095980803839232,50,AE,
0.9776951672862454,0.8942,0.9340854486576832,0.9904556788642273,0.9843142345184694,0.0101979604079184,50,IF,1.154530048370361
0.9762891344383056,0.8482,0.9077482876712328,0.9809931313737252,0.9649475542372996,0.0102979404119176,50,Max-Z,0.0281052589416503
0.9780172413793105,0.9076,0.94149377593361,0.987914527094581,0.9835791042755052,0.0101979604079184,50,OCSVM,3.525445938110352
0.9720096216925432,0.889,0.9286535046484904,0.985889902019596,0.9806020661416586,0.0127974405118976,51,AE,
0.974915254237288,0.8628,0.9154376657824934,0.9882642271545692,0.9820859929397068,0.0110977804439112,51,IF,1.1327929496765137
0.9692687303723644,0.8642,0.9137238316768872,0.979034803039392,0.96687283493877,0.0136972605478904,51,Max-Z,0.0289981365203857
0.9780815972222222,0.9014,0.9381765195670276,0.9864986802639472,0.9818884423804436,0.0100979804039192,51,OCSVM,2.824364185333252
