seed,k_per_10000,tp_at_k,selected,attack_total,precision_at_k,recall_at_k
42,50,75,75,5000,1.0,0.015
42,100,150,150,5000,1.0,0.03
42,500,750,750,5000,1.0,0.15
43,50,75,75,5000,1.0,0.015
43,100,150,150,5000,1.0,0.03
43,500,750,750,5000,1.0,0.15
44,50,75,75,5000,1.0,0.015
44,100,150,150,5000,1.0,0.03
44,500,748,750,5000,0.9973333333333333,0.1496
45,50,75,75,5000,1.0,0.015
45,100,150,150,5000,1.0,0.03
45,500,748,750,5000,0.9973333333333333,0.1496
46,50,75,75,5000,1.0,0.015
46,100,150,150,5000,1.0,0.03
46,500,749,750,5000,0.9986666666666667,0.1498
47,50,75,75,5000,1.0,0.015
47,100,150,150,5000,1.0,0.03
47,500,750,750,5000,1.0,0.15
48,50,75,75,5000,1.0,0.015
48,100,150,150,5000,1.0,0.03
48,500,750,750,5000,1.0,0.15
49,50,75,75,5000,1.0,0.015
49,100,150,150,5000,1.0,0.03
49,500,750,750,5000,1.0,0.15
50,50,75,75,5000,1.0,0.015
50,100,150,150,5000,1.0,0.03
50,500,750,750,5000,1.0,0.15
51,50,75,75,5000,1.0,0.015
51,100,150,150,5000,1.0,0.03
51,500,750,750,5000,1.0,0.15
