seed,device_class,attack,queue_size,k_per_10000,k_actual,precision_at_k,recall_at_k,tp_at_k,attack_total
42,sensor,ddos,5001,50,25,1.0,0.014997000599880024,25,1667
42,sensor,ddos,5001,100,50,1.0,0.029994001199760048,50,1667
42,sensor,ddos,5001,500,250,1.0,0.14997000599880023,250,1667
42,camera,exfil,5001,50,25,1.0,0.014997000599880024,25,1667
42,camera,exfil,5001,100,50,1.0,0.029994001199760048,50,1667
42,camera,exfil,5001,500,250,1.0,0.14997000599880023,250,1667
42,actuator,recon,5000,50,25,1.0,0.015006002400960384,25,1666
42,actuator,recon,5000,100,50,1.0,0.030012004801920768,50,1666
42,actuator,recon,5000,500,250,1.0,0.15006002400960383,250,1666
43,sensor,ddos,5001,50,25,1.0,0.014997000599880024,25,1667
43,sensor,ddos,5001,100,50,1.0,0.029994001199760048,50,1667
43,sensor,ddos,5001,500,250,1.0,0.14997000599880023,250,1667
43,camera,exfil,5001,50,25,1.0,0.014997000599880024,25,1667
43,camera,exfil,5001,100,50,1.0,0.029994001199760048,50,1667
43,camera,exfil,5001,500,250,1.0,0.14997000599880023,250,1667
43,actuator,recon,5000,50,25,1.0,0.015006002400960384,25,1666
43,actuator,recon,5000,100,50,1.0,0.030012004801920768,50,1666
43,actuator,recon,5000,500,250,1.0,0.15006002400960383,250,1666
44,sensor,ddos,5001,50,25,1.0,0.014997000599880024,25,1667
44,sensor,ddos,5001,100,50,1.0,0.029994001199760048,50,1667
44,sensor,ddos,5001,500,250,1.0,0.14997000599880023,250,1667
44,camera,exfil,5001,50,25,1.0,0.014997000599880024,25,1667
44,camera,exfil,5001,100,50,1.0,0.029994001199760048,50,1667
44,camera,exfil,5001,500,250,0.992,0.14877024595080984,248,1667
44,actuator,recon,5000,50,25,1.0,0.015006002400960384,25,1666
44,actuator,recon,5000,100,50,1.0,0.030012004801920768,50,1666
44,actuator,recon,5000,500,250,1.0,0.15006002400960383,250,1666
45,sensor,ddos,5001,50,25,1.0,0.014997000599880024,25,1667
45,sensor,ddos,5001,100,50,1.0,0.029994001199760048,50,1667
45,sensor,ddos,5001,500,250,1.0,0.14997000599880023,250,1667
45,camera,exfil,5001,50,25,1.0,0.014997000599880024,25,1667
45,camera,exfil,5001,100,50,1.0,0.029994001199760048,50,1667
45,camera,exfil,5001,500,250,0.992,0.14877024595080984,248,1667
45,actuator,recon,5000,50,25,1.0,0.015006002400960384,25,1666
45,actuator,recon,5000,100,50,1.0,0.030012004801920768,50,1666
45,actuator,recon,5000,500,250,1.0,0.15006002400960383,250,1666
46,sensor,ddos,5001,50,25,1.0,0.014997000599880024,25,1667
46,sensor,ddos,5001,100,50,1.0,0.029994001199760048,50,1667
46,sensor,ddos,5001,500,250,1.0,0.14997000599880023,250,1667
46,camera,exfil,5001,50,25,1.0,0.014997000599880024,25,1667
46,camera,exfil,5001,100,50,1.0,0.029994001199760048,50,1667
46,camera,exfil,5001,500,250,0.996,0.14937012597480503,249,1667
46,actuator,recon,5000,50,25,1.0,0.015006002400960384,25,1666
46,actuator,recon,5000,100,50,1.0,0.030012004801920768,50,1666
46,actuator,recon,5000,500,250,1.0,0.15006002400960383,250,1666
47,sensor,ddos,5001,50,25,1.0,0.014997000599880024,25,1667
47,sensor,ddos,5001,100,50,1.0,0.029994001199760048,50,1667
47,sensor,ddos,5001,500,250,1.0,0.14997000599880023,250,1667
47,camera,exfil,5001,50,25,1.0,0.014997000599880024,25,1667
47,camera,exfil,5001,100,50,1.0,0.029994001199760048,50,1667
47,camera,exfil,5001,500,250,1.0,0.14997000599880023,250,1667
47,actuator,recon,5000,50,25,1.0,0.015006002400960384,25,1666
47,actuator,recon,5000,100,50,1.0,0.030012004801920768,50,1666
47,actuator,recon,5000,500,250,1.0,0.15006002400960383,250,1666
48,sensor,ddos,5001,50,25,1.0,0.014997000599880024,25,1667
48,sensor,ddos,5001,100,50,1.0,0.029994001199760048,50,1667
48,sensor,ddos,5001,500,250,1.0,0.14997000599880023,250,1667
48,camera,exfil,5001,50,25,1.0,0.014997000599880024,25,1667
48,camera,exfil,5001,100,50,1.0,0.029994001199760048,50,1667
48,camera,exfil,5001,500,250,1.0,0.14997000599880023,250,1667
48,actuator,recon,5000,50,25,1.0,0.015006002400960384,25,1666
48,actuator,recon,5000,100,50,1.0,0.030012004801920768,50,1666
48,actuator,recon,5000,500,250,1.0,0.15006002400960383,250,1666
49,sensor,ddos,5001,50,25,1.0,0.014997000599880024,25,1667
49,sensor,ddos,5001,100,50,1.0,0.029994001199760048,50,1667
49,sensor,ddos,5001,500,250,1.0,0.14997000599880023,250,1667
49,camera,exfil,5001,50,25,1.0,0.014997000599880024,25,1667
49,camera,exfil,5001,100,50,1.0,0.029994001199760048,50,1667
49,camera,exfil,5001,500,250,1.0,0.14997000599880023,250,1667
49,actuator,recon,5000,50,25,1.0,0.015006002400960384,25,1666
49,actuator,recon,5000,100,50,1.0,0.030012004801920768,50,1666
49,actuator,recon,5000,500,250,1.0,0.15006002400960383,250,1666
50,sensor,ddos,5001,50,25,1.0,0.014997000599880024,25,1667
50,sensor,ddos,5001,100,50,1.0,0.029994001199760048,50,1667
50,sensor,ddos,5001,500,250,1.0,0.14997000599880023,250,1667
50,camera,exfil,5001,50,25,1.0,0.014997000599880024,25,1667
50,camera,exfil,5001,100,50,1.0,0.029994001199760048,50,1667
50,camera,exfil,5001,500,250,1.0,0.14997000599880023,250,1667
50,actuator,recon,5000,50,25,1.0,0.015006002400960384,25,1666
50,actuator,recon,5000,100,50,1.0,0.030012004801920768,50,1666
50,actuator,recon,5000,500,250,1.0,0.15006002400960383,250,1666
51,sensor,ddos,5001,50,25,1.0,0.014997000599880024,25,1667
51,sensor,ddos,5001,100,50,1.0,0.029994001199760048,50,1667
51,sensor,ddos,5001,500,250,1.0,0.14997000599880023,250,1667
51,camera,exfil,5001,50,25,1.0,0.014997000599880024,25,1667
51,camera,exfil,5001,100,50,1.0,0.029994001199760048,50,1667
51,camera,exfil,5001,500,250,1.0,0.14997000599880023,250,1667
51,actuator,recon,5000,50,25,1.0,0.015006002400960384,25,1666
51,actuator,recon,5000,100,50,1.0,0.030012004801920768,50,1666
51,actuator,recon,5000,500,250,1.0,0.15006002400960383,250,1666
