seed,bottleneck,precision,recall,f1,roc_auc,pr_auc,fpr
42,2,0.9778508771929825,0.8918,0.9328451882845188,0.9862248150369926,0.9813392200687282,0.010097980403919217
42,3,0.979372582724538,0.9116,0.9442718044333955,0.9884200059988002,0.9839633711001361,0.009598080383923215
42,4,0.978714254998925,0.9104,0.9433219355507201,0.9889626274745051,0.9846797341996587,0.009898020395920816
43,2,0.9724594363791631,0.911,0.9407269723254853,0.987397650469906,0.9809465537843516,0.01289742051589682
43,3,0.9728122344944775,0.916,0.9435517099299546,0.988237222555489,0.9823500471117167,0.01279744051189762
43,4,0.9727137070986996,0.9126,0.9416984831286761,0.988274225154969,0.9825935311637123,0.01279744051189762
44,2,0.9759139784946237,0.9076,0.9405181347150259,0.9883287042591482,0.9832171018913026,0.011197760447910418
44,3,0.9748007753607582,0.9052,0.9387120190811988,0.9878867526494701,0.9826787021175595,0.011697660467906419
44,4,0.9742279020234291,0.9148,0.9435791645177927,0.9894490401919616,0.9847268392164303,0.01209758048390322
45,2,0.9755522196011152,0.9098,0.9415295456897443,0.9889559788042391,0.9842375368574859,0.011397720455908818
45,3,0.9752540874944764,0.8828,0.9267268528238505,0.9851301839632073,0.9787133131363824,0.011197760447910418
45,4,0.974764756201882,0.9116,0.9421248449772633,0.9901875824835032,0.9854730681908836,0.011797640471905619
46,2,0.9753006872852233,0.9082,0.9405550952775477,0.9895309138172366,0.9849418890274482,0.01149770045990802
46,3,0.9739130434782609,0.896,0.9333333333333333,0.9883411617676465,0.9829126937954757,0.01199760047990402
46,4,0.9741921492084147,0.8984,0.9347622515867235,0.989335472905419,0.9841311655625614,0.011897620475904818
47,2,0.9752528513019152,0.9064,0.9395667046750285,0.9893379124175166,0.9844953690585294,0.01149770045990802
47,3,0.9778751369112815,0.8928,0.9334030318870884,0.9866951209758048,0.9814542186712063,0.010097980403919217
47,4,0.9736273238218763,0.9008,0.9357988780386454,0.9874807538492301,0.9822639625218296,0.01219756048790242
48,2,0.9769346841991808,0.9064,0.94034650897396,0.98738775244951,0.9831309465891861,0.010697860427914417
48,3,0.9758226997985225,0.8718,0.9208830674976233,0.9812508498300339,0.974963813014482,0.010797840431913617
48,4,0.9773407439076528,0.9144,0.9448233106013639,0.9881681763647271,0.9840423054629494,0.010597880423915218
49,2,0.9776775648252537,0.8672,0.9191308956014839,0.9826505198960207,0.9760313873447766,0.009898020395920816
49,3,0.9778676314109385,0.919,0.9475203629240128,0.9902329134173165,0.986448410102107,0.010397920415916816
49,4,0.9780314451863019,0.9082,0.9418230841024577,0.9895401219756048,0.9854502173068114,0.010197960407918417
50,2,0.9765288544358312,0.907,0.9404811281625881,0.9888272345530893,0.9840221985651679,0.010897820435912817
50,3,0.9763851044504995,0.86,0.9145044661846023,0.9783038192361528,0.9719706698464108,0.010397920415916816
50,4,0.9770711659095825,0.9034,0.9387924763587239,0.9882162367526496,0.9832027364445572,0.010597880423915218
51,2,0.9786038469850875,0.9056,0.9406876493196219,0.9877374925014997,0.9833472166306264,0.009898020395920816
51,3,0.9765692175408427,0.9086,0.9413593037712391,0.9878259448110377,0.9832044496310961,0.010897820435912817
51,4,0.9787464758186945,0.9026,0.9391322443034024,0.9883035692861428,0.9833176958544837,0.009798040391921616
