seed,device_class,bottleneck,epochs_run,best_early_stop_mse
42,sensor,2,25,0.9468740224838257
42,camera,2,25,0.9354649782180786
42,actuator,2,25,0.9092828035354614
42,sensor,3,25,0.945429265499115
42,camera,3,25,0.895659327507019
42,actuator,3,25,0.8967040777206421
42,sensor,4,25,0.9762755632400513
42,camera,4,25,0.9012314677238464
42,actuator,4,25,0.9959343075752258
43,sensor,2,25,0.9252909421920776
43,camera,2,25,0.9034700393676758
43,actuator,2,25,1.0139201879501343
43,sensor,3,25,0.8914006352424622
43,camera,3,25,0.8877384662628174
43,actuator,3,25,0.9919445514678955
43,sensor,4,25,0.8941841721534729
43,camera,4,25,0.9960894584655762
43,actuator,4,25,0.9627801775932312
44,sensor,2,25,0.9098994135856628
44,camera,2,25,1.0054222345352173
44,actuator,2,25,0.9348734617233276
44,sensor,3,25,0.9046419858932495
44,camera,3,25,0.9771748185157776
44,actuator,3,25,0.8866091370582581
44,sensor,4,25,1.0052428245544434
44,camera,4,25,0.9274052977561951
44,actuator,4,25,0.949028730392456
45,sensor,2,25,1.030125617980957
45,camera,2,25,0.9456924796104431
45,actuator,2,25,0.9473360776901245
45,sensor,3,25,1.011051058769226
45,camera,3,25,0.8985356688499451
45,actuator,3,25,0.9935017228126526
45,sensor,4,25,0.9730184674263
45,camera,4,25,0.9481599926948547
45,actuator,4,25,0.9324148893356323
46,sensor,2,25,0.9288766384124756
46,camera,2,25,0.9548362493515015
46,actuator,2,25,0.9677613973617554
46,sensor,3,25,0.8902528285980225
46,camera,3,25,1.0011622905731201
46,actuator,3,25,0.9111881256103516
46,sensor,4,25,0.9408888220787048
46,camera,4,25,0.9398627281188965
46,actuator,4,25,0.9007436633110046
47,sensor,2,25,0.9739498496055603
47,camera,2,25,0.974661111831665
47,actuator,2,25,0.9244845509529114
47,sensor,3,25,1.0244823694229126
47,camera,3,25,1.0146467685699463
47,actuator,3,25,0.9158334732055664
47,sensor,4,25,0.9597245454788208
47,camera,4,25,0.9144446849822998
47,actuator,4,25,0.9136878252029419
48,sensor,2,25,0.9925286173820496
48,camera,2,25,0.9195690751075745
48,actuator,2,25,0.8970704674720764
48,sensor,3,25,1.0285794734954834
48,camera,3,25,0.9146715402603149
48,actuator,3,25,0.892085611820221
48,sensor,4,25,0.9376713633537292
48,camera,4,25,0.9079511761665344
48,actuator,4,25,0.8423530459403992
49,sensor,2,25,0.9269166588783264
49,camera,2,25,0.8994826078414917
49,actuator,2,25,0.9970832467079163
49,sensor,3,25,0.9089218974113464
49,camera,3,25,0.8945165872573853
49,actuator,3,25,0.9329215288162231
49,sensor,4,25,0.9335964918136597
49,camera,4,25,0.8478304147720337
49,actuator,4,25,1.0143427848815918
50,sensor,2,25,0.8998585343360901
50,camera,2,25,1.0239617824554443
50,actuator,2,25,0.9986692667007446
50,sensor,3,25,0.8778062462806702
50,camera,3,25,0.9252983927726746
50,actuator,3,25,0.9024295806884766
50,sensor,4,25,0.8333272933959961
50,camera,4,25,0.9538623690605164
50,actuator,4,25,0.9472990036010742
51,sensor,2,25,0.9334619045257568
51,camera,2,25,1.0125316381454468
51,actuator,2,25,0.8834660649299622
51,sensor,3,25,0.9394513964653015
51,camera,3,25,0.9245696663856506
51,actuator,3,25,0.8914585113525391
51,sensor,4,25,1.0103983879089355
51,camera,4,25,0.9576875567436218
51,actuator,4,25,0.917757511138916
