seed,n_estimators,precision,recall,f1,roc_auc,pr_auc,fpr
42,50,0.9805976806422837,0.8794,0.9272458878110502,0.9897438912217557,0.9827629172267806,0.008698260347930415
42,100,0.9794265703655066,0.895,0.9353119448218205,0.9898351229754049,0.9844687136755316,0.009398120375924815
42,200,0.9792712197250709,0.8976,0.9366586663883961,0.9896465806838632,0.9842555343341917,0.009498100379924015
43,50,0.9705093833780161,0.8688,0.9168425495989869,0.9857124675064988,0.9782312510125026,0.013197360527894421
43,100,0.9738576449912126,0.8866,0.9281825795644891,0.9878711757648468,0.9799817600293732,0.011897620475904818
43,200,0.9720900043271311,0.8986,0.9339014757846602,0.9888798040391922,0.9825201154473379,0.01289742051589682
44,50,0.9739420935412026,0.8746,0.9216016859852476,0.987233353329334,0.9795056985865307,0.011697660467906419
44,100,0.975669099756691,0.8822,0.9265833420859153,0.988508398320336,0.9818484069437404,0.010997800439912017
44,200,0.9731230564193691,0.8762,0.9221216585981898,0.9893516796640672,0.9827022880688684,0.01209758048390322
45,50,0.9734432234432234,0.8504,0.9077711357813835,0.9853561787642471,0.976179122810802,0.011597680463907219
45,100,0.9794597008260773,0.8774,0.9256250659352252,0.9903053089382123,0.9842033648102756,0.009198160367926415
45,200,0.9783568904593639,0.886,0.9298908480268682,0.9911286142771445,0.9856507363516955,0.009798040391921616
46,50,0.9816201497617427,0.8652,0.9197406186882109,0.9884833033393322,0.9821045948595919,0.008098380323935212
46,100,0.9802823213085369,0.875,0.924653915248864,0.989287422515497,0.9830336049513584,0.008798240351929614
46,200,0.9779444199382443,0.8868,0.9301447451227187,0.9902292441511699,0.9843216291223329,0.009998000399920015
47,50,0.9770580296896086,0.8688,0.9197543933940292,0.9871705958808237,0.9805040042994138,0.010197960407918417
47,100,0.9772879091516367,0.8778,0.9248761985038457,0.9881935712857428,0.9818253068951225,0.010197960407918417
47,200,0.9777582030389782,0.888,0.9307200503091919,0.9894087482503499,0.9835891948945027,0.010097980403919217
48,50,0.9688391485626509,0.883,0.9239301035889924,0.985395150969806,0.9782976519955664,0.014197160567886422
48,100,0.973383194016718,0.885,0.9270898805782527,0.9880047290541891,0.9822789565322051,0.01209758048390322
48,200,0.9740830221831759,0.887,0.928504134826756,0.9890460207958408,0.9836743890005663,0.011797640471905619
49,50,0.9765781842516172,0.8756,0.9233364968891701,0.9882904219156169,0.9812921152667423,0.010497900419916016
49,100,0.9774221832529593,0.8918,0.9326500732064422,0.9907143471305738,0.985023211151711,0.010297940411917617
49,200,0.9759930161501528,0.8944,0.9334168232101858,0.9897083583283344,0.9839608370080424,0.010997800439912017
50,50,0.9788961038961039,0.8442,0.9065721649484536,0.9871191561687663,0.9796240466846803,0.009098180363927214
50,100,0.9792549631942895,0.878,0.9258673415585785,0.9891328734253149,0.9831168920318056,0.009298140371925615
50,200,0.9752711496746204,0.8992,0.9356919875130073,0.9907539392121576,0.9852855358254885,0.011397720455908818
51,50,0.9763608761656908,0.9004,0.9368432004994277,0.9888815536892621,0.9834880658271788,0.010897820435912817
51,100,0.9755991285403051,0.8956,0.9338894681960376,0.9892124775044991,0.9839667628860993,0.011197760447910418
51,200,0.9751673504642626,0.9032,0.937805004672412,0.9902975904819036,0.9856218323007645,0.01149770045990802
