seed,label,n_total,n_percentile_1
42,benign,10002,4
42,ddos,1667,1658
42,exfil,1667,322
42,recon,1666,1291
43,benign,10002,13
43,ddos,1667,1659
43,exfil,1667,456
43,recon,1666,1603
44,benign,10002,6
44,ddos,1667,1643
44,exfil,1667,575
44,recon,1666,1603
45,benign,10002,3
45,ddos,1667,1648
45,exfil,1667,533
45,recon,1666,1545
46,benign,10002,2
46,ddos,1667,1661
46,exfil,1667,321
46,recon,1666,1352
47,benign,10002,1
47,ddos,1667,1657
47,exfil,1667,238
47,recon,1666,1496
48,benign,10002,1
48,ddos,1667,1655
48,exfil,1667,106
48,recon,1666,1545
49,benign,10002,5
49,ddos,1667,1665
49,exfil,1667,471
49,recon,1666,1522
50,benign,10002,4
50,ddos,1667,1661
50,exfil,1667,506
50,recon,1666,1596
51,benign,10002,1
51,ddos,1667,1666
51,exfil,1667,419
51,recon,1666,1486
