precision,recall,f1,roc_auc,pr_auc,fpr,seed,attack
0.9466212379329926,1.0,0.9725787631271878,0.9997929328351488,0.9975501200358654,0.0093981203759248,42,ddos
0.9248,0.6934613077384523,0.792595131984916,0.9704543794300527,0.8972873194271928,0.0093981203759248,42,exfil
0.9461626575028635,0.9915966386554622,0.9683470105509964,0.9992637126836336,0.9939029101533928,0.0093981203759248,42,recon
0.9333706606942888,1.0,0.965537214016797,0.9993456917494724,0.9922133589608232,0.0118976204759048,43,ddos
0.9026186579378068,0.6616676664667066,0.7635860159224646,0.965025021390443,0.8670653259220904,0.0118976204759048,43,exfil
0.9332210998877666,0.9981992797118848,0.96461716937355,0.9992496398679448,0.9914810033829056,0.0118976204759048,43,recon
0.9380979178390546,1.0,0.9680603948896632,0.9996892942947104,0.9963169230938208,0.010997800439912,44,ddos
0.9074852817493692,0.6472705458908218,0.7556022408963585,0.9661955431349244,0.8746788864172222,0.010997800439912,44,exfil
0.9380281690140844,0.9993997599039616,0.967741935483871,0.9996470393796392,0.9960044958583636,0.010997800439912,44,recon
0.9476678043230944,0.9994001199760048,0.9728467153284672,0.99982693923123,0.9980436241799184,0.0091981603679264,45,ddos
0.9201388888888888,0.635872825434913,0.7520397304008514,0.9713716224961366,0.885879505916341,0.0091981603679264,45,exfil
0.9475185396463206,0.996998799519808,0.9716291313249488,0.9997230145807572,0.9972803050286304,0.0091981603679264,45,recon
0.94985754985755,1.0,0.9742840444184688,0.999897830871738,0.9987834578370356,0.0087982403519296,46,ddos
0.9221927497789568,0.6256748650269947,0.7455325232308792,0.9683715926280853,0.8802881838650561,0.0087982403519296,46,exfil
0.9498003422703936,0.9993997599039616,0.973968996782685,0.9995990297738772,0.9966069585346516,0.0087982403519296,46,recon
0.9423403052572076,1.0,0.970314318975553,0.999941733309007,0.9993423253698916,0.0101979604079184,47,ddos
0.911917098445596,0.6334733053389322,0.7476106194690265,0.9647633160830342,0.8676858395453598,0.0101979604079184,47,exfil
0.9423076923076924,1.0,0.9702970297029704,0.9998826765259192,0.9988407264235012,0.0101979604079184,47,recon
0.9323266219239372,1.0,0.9649782923299566,0.9999479108377484,0.9993803894637154,0.0120975804839032,48,ddos
0.9003294892915981,0.6556688662267547,0.758764317945158,0.9641769006726548,0.8739026655278397,0.0120975804839032,48,exfil
0.9322508398656216,0.9993997599039616,0.9646581691772884,0.9998965092935796,0.9990065781496316,0.0120975804839032,48,recon
0.9418079096045198,1.0,0.9700320046552224,0.9997491203618905,0.9970017134741403,0.0102979404119176,49,ddos
0.916260162601626,0.6760647870425914,0.7780462547462893,0.9727736516284023,0.8965627570068048,0.0102979404119176,49,exfil
0.9417420814479638,0.9993997599039616,0.9697146185206756,0.9996256150930678,0.9960599772897918,0.0102979404119176,49,recon
0.9471590909090908,1.0,0.9728625620075868,0.9997973410716776,0.9975823131365152,0.0092981403719256,50,ddos
0.9193408499566348,0.635872825434913,0.75177304964539,0.9678814387092588,0.8821710552516232,0.0092981403719256,50,exfil
0.9470387243735764,0.9981992797118848,0.9719462302746932,0.999726195217139,0.9970703010385752,0.0092981403719256,50,recon
0.937043282743114,1.0,0.967498549042368,0.9999499800099968,0.9994001201917456,0.0111977604479104,51,ddos
0.9111816019032514,0.6892621475704859,0.7848360655737705,0.9679035698559147,0.890166656783644,0.0111977604479104,51,exfil
0.9368658399098084,0.9975990396158464,0.9662790697674418,0.999790228028824,0.998344204443178,0.0111977604479104,51,recon
