precision,recall,f1,roc_auc,pr_auc,fpr,seed,model
0.9794265703655066,0.895,0.9353119448218205,0.9898351229754048,0.9844687136755316,0.0093981203759248,42,IF
0.9777922926192032,0.8982,0.936307724382362,0.9857645470905818,0.9816723833143872,0.0101979604079184,42,OCSVM
0.979372582724538,0.9116,0.9442718044333956,0.9884200059988002,0.983963371100136,0.0095980803839232,42,AE
0.9762881896944824,0.8564,0.9124227572981036,0.9791093781243752,0.9648223147417764,0.0103979204159168,42,Max-Z
0.9738576449912126,0.8866,0.9281825795644892,0.9878711757648468,0.9799817600293732,0.0118976204759048,43,IF
0.9734776151071504,0.9176,0.9447132708740864,0.9863472305538892,0.9806709055031227,0.0124975004999,43,OCSVM
0.9728122344944776,0.916,0.9435517099299546,0.988237222555489,0.9823500471117168,0.0127974405118976,43,AE
0.9700297414779226,0.848,0.9049194322911108,0.9783632673465308,0.9622328581311368,0.0130973805238952,43,Max-Z
0.975669099756691,0.8822,0.9265833420859152,0.988508398320336,0.9818484069437404,0.010997800439912,44,IF
0.9735881468756712,0.9068,0.939007973490732,0.987338422315537,0.9822149135788342,0.0122975404919016,44,OCSVM
0.9748007753607582,0.9052,0.9387120190811988,0.98788675264947,0.9826787021175596,0.0116976604679064,44,AE
0.9705750224618148,0.8642,0.9143038510368175,0.9797440911817636,0.9656655497151204,0.0130973805238952,44,Max-Z
0.9794597008260773,0.8774,0.9256250659352252,0.9903053089382124,0.9842033648102756,0.0091981603679264,45,IF
0.97678916827853,0.909,0.9416761628509271,0.9890005698860228,0.984741283462288,0.0107978404319136,45,OCSVM
0.9752540874944764,0.8828,0.9267268528238504,0.9851301839632072,0.9787133131363824,0.0111977604479104,45,AE
0.9714544630720436,0.8576,0.9109836413851712,0.9815859328134372,0.9684878974262724,0.0125974805038992,45,Max-Z
0.9802823213085368,0.875,0.924653915248864,0.989287422515497,0.9830336049513584,0.0087982403519296,46,IF
0.9738095238095238,0.8998,0.9353430353430352,0.9874807938412316,0.9824671043159952,0.0120975804839032,46,OCSVM
0.9739130434782608,0.896,0.9333333333333332,0.9883411617676464,0.9829126937954756,0.011997600479904,46,AE
0.9789915966386554,0.8388,0.903489875053856,0.9808467606478704,0.9667173188005266,0.008998200359928,46,Max-Z
0.9772879091516368,0.8778,0.9248761985038456,0.9881935712857428,0.9818253068951224,0.0101979604079184,47,IF
0.9766069086139046,0.8934,0.933152287445164,0.9858618776244752,0.9793870058180958,0.0106978604279144,47,OCSVM
0.9778751369112816,0.8928,0.9334030318870884,0.9866951209758048,0.9814542186712064,0.0100979804039192,47,AE
0.9750800182898948,0.853,0.9099637294644762,0.9810602779444112,0.9669355185549788,0.0108978204359128,47,Max-Z
0.973383194016718,0.885,0.9270898805782528,0.9880047290541892,0.9822789565322052,0.0120975804839032,48,IF
0.9787644787644788,0.9126,0.9445249430759676,0.9875881723655268,0.9837979213266448,0.0098980203959208,48,OCSVM
0.9758226997985224,0.8718,0.9208830674976232,0.981250849830034,0.974963813014482,0.0107978404319136,48,AE
0.9790660225442834,0.8512,0.9106665240184016,0.980630723855229,0.9708472012453646,0.0090981803639272,48,Max-Z
0.9774221832529592,0.8918,0.9326500732064422,0.9907143471305738,0.985023211151711,0.0102979404119176,49,IF
0.976764199655766,0.908,0.941127694859038,0.9878324735052988,0.9837481007757762,0.0107978404319136,49,OCSVM
0.9778676314109384,0.919,0.9475203629240128,0.9902329134173165,0.986448410102107,0.0103979204159168,49,AE
0.975103734439834,0.846,0.905975583636753,0.9801634173165366,0.9665268690522824,0.0107978404319136,49,Max-Z
0.9792549631942896,0.878,0.9258673415585784,0.9891328734253148,0.9831168920318056,0.0092981403719256,50,IF
0.9754483347566184,0.9138,0.9436183395291202,0.9883784443111376,0.9836197770692962,0.011497700459908,50,OCSVM
0.9763851044504996,0.86,0.9145044661846023,0.9783038192361528,0.9719706698464108,0.0103979204159168,50,AE
0.9762891344383056,0.8482,0.9077482876712328,0.9809931313737252,0.9649475542372996,0.0102979404119176,50,Max-Z
0.9755991285403052,0.8956,0.9338894681960376,0.9892124775044993,0.9839667628860992,0.0111977604479104,51,IF
0.9759166847472336,0.8996,0.936205640545322,0.9851177964407118,0.9805251340695856,0.0110977804439112,51,OCSVM
0.9765692175408428,0.9086,0.9413593037712392,0.9878259448110376,0.983204449631096,0.0108978204359128,51,AE
0.9692687303723644,0.8642,0.9137238316768872,0.979034803039392,0.96687283493877,0.0136972605478904,51,Max-Z
