precision,recall,f1,roc_auc,pr_auc,fpr,seed,variability_factor,attack_strength
0.955534531693472,0.404,0.5678942929434917,0.8474876424715057,0.8130515621552952,0.0093981203759248,42,1.0,0.25
0.9706341768197438,0.6214,0.7577124740885258,0.9353774545090984,0.9131996527011732,0.0093981203759248,42,1.0,0.5
0.976887140398328,0.7946,0.8763648395279585,0.9739999100179964,0.9625475748842856,0.0093981203759248,42,1.0,0.75
0.979435572084883,0.8954,0.935534426914638,0.9905689162167566,0.9848887973387316,0.0093981203759248,42,1.0,1.0
0.9518608414239482,0.4706,0.6298179871520343,0.8502448110377925,0.818758002657631,0.0118976204759048,43,1.0,0.25
0.9658536585365852,0.6732,0.7934001178550383,0.9314713557288542,0.9090119237279012,0.0118976204759048,43,1.0,0.5
0.9710954578576634,0.7996,0.8770428869145552,0.9708985402919416,0.957365156373706,0.0118976204759048,43,1.0,0.75
0.9740684244933536,0.894,0.932318281364063,0.9883948110377924,0.9807572189044338,0.0118976204759048,43,1.0,1.0
0.9578220858895704,0.4996,0.656677181913775,0.8519582783443311,0.825016215792661,0.010997800439912,44,1.0,0.25
0.9690053536207384,0.6878,0.8045385425195929,0.9329269446110776,0.913769764296546,0.010997800439912,44,1.0,0.5
0.9733009708737864,0.802,0.8793859649122807,0.9712127574485104,0.9596511220221238,0.010997800439912,44,1.0,0.75
0.9757869249394672,0.8866,0.929057948234308,0.988073775244951,0.981487833373212,0.010997800439912,44,1.0,1.0
0.9620305406520842,0.4662,0.6280479590462077,0.8454897620475905,0.8165921940947963,0.0091981603679264,45,1.0,0.25
0.973341060562156,0.6718,0.7949355105904626,0.9327128074385124,0.9120823577967838,0.0091981603679264,45,1.0,0.5
0.9769423558897244,0.7796,0.8671857619577308,0.9710381723655268,0.9585754194759314,0.0091981603679264,45,1.0,0.75
0.9793999104343932,0.8748,0.9241495879991548,0.989092351529694,0.982503734808769,0.0091981603679264,45,1.0,1.0
0.9668300037693176,0.513,0.6703253626029009,0.8487825934813038,0.8265782609382406,0.0087982403519296,46,1.0,0.25
0.9744853580748044,0.6722,0.7955971120842703,0.9330069086182764,0.913046168439748,0.0087982403519296,46,1.0,0.5
0.9779448621553885,0.7804,0.868075639599555,0.9710936412717458,0.959562212944485,0.0087982403519296,46,1.0,0.75
0.9802734812822236,0.8746,0.9244265933833632,0.9884818336332734,0.9822899128772618,0.0087982403519296,46,1.0,1.0
0.9622222222222222,0.5196,0.6748051948051949,0.851318276344731,0.8291036283176229,0.0101979604079184,47,1.0,0.25
0.9708821010562376,0.6802,0.7999529577796072,0.9299599380123976,0.9110229864426158,0.0101979604079184,47,1.0,0.5
0.9748520710059172,0.7908,0.8732332155477032,0.9691104379124176,0.9575062032742848,0.0101979604079184,47,1.0,0.75
0.9772727272727272,0.8772,0.9245362563237776,0.987434603079384,0.9811885325958508,0.0101979604079184,47,1.0,1.0
0.9558716265499636,0.5242,0.677086024283131,0.8504815836832633,0.8282729717798898,0.0120975804839032,48,1.0,0.25
0.9657514859892444,0.6824,0.7997187390132428,0.9277118676264748,0.9084925687226696,0.0120975804839032,48,1.0,0.5
0.9703866862457172,0.793,0.8727712965001101,0.9695671865626876,0.957978121410214,0.0120975804839032,48,1.0,0.75
0.9734765453748356,0.8882,0.9288851704664296,0.9880855728854228,0.982087426653284,0.0120975804839032,48,1.0,1.0
0.9598440545808968,0.4924,0.6508922670191672,0.8564418816236752,0.8297433515734438,0.0102979404119176,49,1.0,0.25
0.9705714285714284,0.6794,0.7992941176470588,0.9397079284143172,0.9190092214181192,0.0102979404119176,49,1.0,0.5
0.9751087481875302,0.807,0.8831254103742613,0.9741959908018398,0.962869558758886,0.0102979404119176,49,1.0,0.75
0.9773027765535478,0.887,0.9299643531138604,0.989698900219956,0.9836400080756452,0.0102979404119176,49,1.0,1.0
0.9628297362110312,0.4818,0.6422287390029325,0.8518470705858829,0.8275132213304817,0.0092981403719256,50,1.0,0.25
0.972902097902098,0.6678,0.7919829222011385,0.9290725954809036,0.9100002763434324,0.0092981403719256,50,1.0,0.5
0.9767906164212627,0.7828,0.8691018097035639,0.969563427314537,0.9577900054411504,0.0092981403719256,50,1.0,0.75
0.9791853178155776,0.875,0.9241656104773976,0.9883269046190762,0.9818002359022336,0.0092981403719256,50,1.0,1.0
0.9564202334630352,0.4916,0.6494055482166446,0.8508925414917017,0.8285724344310373,0.0111977604479104,51,1.0,0.25
0.9681274900398408,0.6804,0.7991543340380549,0.9333120675864828,0.9147646571054516,0.0111977604479104,51,1.0,0.5
0.9727891156462584,0.8008,0.8784554629223343,0.9713872025594882,0.9607581309920042,0.0111977604479104,51,1.0,0.75
0.9754493643138974,0.89,0.930767621836436,0.9883190761847632,0.9825765639642206,0.0111977604479104,51,1.0,1.0
0.9469732519943688,0.4036,0.5659795260131819,0.8309353429314137,0.7968878933561241,0.0112977404519096,42,1.25,0.25
0.9634658907209828,0.596,0.7364388978129247,0.9029827934413116,0.8807466521739821,0.0112977404519096,42,1.25,0.5
0.970372312532774,0.7402,0.8398003176764238,0.9534093381323736,0.938457226139696,0.0112977404519096,42,1.25,0.75
0.9739150507848569,0.8438,0.9042006000857266,0.9789334733053388,0.9698313869364616,0.0112977404519096,42,1.25,1.0
0.9623655913978496,0.4654,0.6273928282555945,0.8325003699260148,0.8075327755490755,0.0090981803639272,43,1.25,0.25
0.9727136431784108,0.6488,0.7784043191361728,0.909406698660268,0.8923587817141636,0.0090981803639272,43,1.25,0.5
0.976314419573139,0.7502,0.8484505767925808,0.9574571685662868,0.9451400768494252,0.0090981803639272,43,1.25,0.75
0.9785377358490566,0.8298,0.8980519480519481,0.9797654269146172,0.9715444249675248,0.0090981803639272,43,1.25,1.0
0.9537275064267352,0.4452,0.6070357240250887,0.8360055088982203,0.8049769860566345,0.0107978404319136,44,1.25,0.25
0.9672925499697154,0.6388,0.7694531438207661,0.9110279244151168,0.8901096371038755,0.0107978404319136,44,1.25,0.5
0.97212183789365,0.7532,0.84877169258508,0.9578007798440312,0.9432090983169408,0.0107978404319136,44,1.25,0.75
0.97488956056731,0.8386,0.9016234813460918,0.979829804039192,0.9705106003266486,0.0107978404319136,44,1.25,1.0
0.9548872180451128,0.4572,0.6183391939410333,0.8354872325534893,0.805472951156007,0.0107978404319136,45,1.25,0.25
0.9677708146821844,0.6486,0.7766734522811639,0.9102165666866628,0.8924909444496052,0.0107978404319136,45,1.25,0.5
0.972035214914552,0.7508,0.8472128187767998,0.9566126574685062,0.9443814091012248,0.0107978404319136,45,1.25,0.75
0.9747072599531617,0.8324,0.897950377562028,0.9787458308338332,0.9709810430192068,0.0107978404319136,45,1.25,1.0
0.9548467274233636,0.461,0.6217966010250877,0.8347178864227155,0.8076502511624981,0.0108978204359128,46,1.25,0.25
0.9656801007556676,0.6134,0.7502446183953033,0.9056317436512696,0.884540738714807,0.0108978204359128,46,1.25,0.5
0.9711334745762712,0.7334,0.8356882406563355,0.9543811137772444,0.9405123420415836,0.0108978204359128,46,1.25,0.75
0.9743770568876352,0.829,0.8958288307758807,0.9789224455108978,0.9701806594548734,0.0108978204359128,46,1.25,1.0
0.9562695225345827,0.4286,0.591907195138793,0.8349733453309338,0.80069868256209,0.0097980403919216,47,1.25,0.25
0.9694132334581772,0.6212,0.7571916138469039,0.9083825134973008,0.8868825985926244,0.0097980403919216,47,1.25,0.5
0.9739638682252922,0.7332,0.8366042902784117,0.9552914417116576,0.9406426418393172,0.0097980403919216,47,1.25,0.75
0.9767717468594452,0.8242,0.8940232129298189,0.979712797440512,0.9699620993745972,0.0097980403919216,47,1.25,1.0
0.9602194787379972,0.42,0.584388479198553,0.8412253449310139,0.8094677453486734,0.0086982603479304,48,1.25,0.25
0.973056673892846,0.6284,0.7636407825981286,0.9131466606678664,0.892516652795834,0.0086982603479304,48,1.25,0.5
0.9770387965162312,0.7404,0.8424166571851177,0.9599053389322136,0.9456023870152178,0.0086982603479304,48,1.25,0.75
0.9794908062234796,0.831,0.8991560268340186,0.981505878824235,0.9735630653981424,0.0086982603479304,48,1.25,1.0
0.9516603614964272,0.4528,0.61363328364277,0.8380220455908819,0.8079167160022064,0.011497700459908,49,1.25,0.25
0.96611667648792,0.6558,0.7812723373838456,0.9184758548290342,0.8978528628688582,0.011497700459908,49,1.25,0.5
0.971350274040857,0.7798,0.8650987353006434,0.9634989702059586,0.9506751172488632,0.011497700459908,49,1.25,0.75
0.9740990990990992,0.865,0.9163135593220338,0.9832632073585283,0.9758919081522912,0.011497700459908,49,1.25,1.0
0.9556670849017148,0.457,0.6183195778649709,0.8427662867426515,0.8137375741378303,0.0105978804239152,50,1.25,0.25
0.968215892053973,0.6458,0.7748050389922015,0.9134891121775645,0.892298779746486,0.0105978804239152,50,1.25,0.5
0.9724317295188556,0.7478,0.8454494064443189,0.957710577884423,0.942964243798946,0.0105978804239152,50,1.25,0.75
0.9751348815388224,0.8314,0.8975493900464212,0.979623025394921,0.9703338258912888,0.0105978804239152,50,1.25,1.0
0.9572569281352749,0.4076,0.5717491934352644,0.8313411617676465,0.7992167541976185,0.0090981803639272,51,1.25,0.25
0.9712571067593178,0.615,0.7531227038941954,0.9091260547890424,0.8896190585297912,0.0090981803639272,51,1.25,0.5
0.9762959103933316,0.7496,0.8480597352641701,0.9548041091781644,0.9424959950223394,0.0090981803639272,51,1.25,0.75
0.9786635404454864,0.8348,0.90102536427415,0.9781880623875224,0.9700632380370996,0.0090981803639272,51,1.25,1.0
0.9448705656759347,0.3942,0.5563082133784928,0.8189732653469306,0.7850080008291456,0.011497700459908,42,1.5,0.25
0.9643078833022968,0.6214,0.7557771831671126,0.8889202659468106,0.8746835383070405,0.011497700459908,42,1.5,0.5
0.9699267782426778,0.7418,0.8406618313689936,0.9469351529694062,0.9344696600836184,0.011497700459908,42,1.5,0.75
0.9729856706600892,0.8284,0.894890353246192,0.9713192761447712,0.9629407796659096,0.011497700459908,42,1.5,1.0
0.949456778460085,0.402,0.564844737951384,0.8274301939612078,0.7932335948426215,0.0106978604279144,43,1.5,0.25
0.9661070636680392,0.61,0.7478239548853746,0.8938031193761249,0.8770590425415625,0.0106978604279144,43,1.5,0.5
0.9713059801555376,0.7244,0.8298774200939397,0.9464740151969604,0.9332203854931356,0.0106978604279144,43,1.5,0.75
0.9742726616975236,0.8104,0.8848127524838956,0.971176654669066,0.9617024508283576,0.0106978604279144,43,1.5,1.0
0.94921875,0.3888,0.5516458569807038,0.8144377324535093,0.7803806967080423,0.0103979204159168,44,1.5,0.25
0.9672234478411598,0.6138,0.7510094212651414,0.8878224655068987,0.8705527761612669,0.0103979204159168,44,1.5,0.5
0.9722962173681406,0.73,0.8339045007996344,0.9435718356328736,0.9296419292288388,0.0103979204159168,44,1.5,0.75
0.974891356832448,0.8076,0.8833953183110916,0.969876824635073,0.9595070564008392,0.0103979204159168,44,1.5,1.0
0.9498620055197792,0.413,0.5756899916364651,0.8187291841631673,0.7872304116969219,0.0108978204359128,45,1.5,0.25
0.9650529015710164,0.602,0.7414706244611405,0.8886939212157567,0.8703674121906982,0.0108978204359128,45,1.5,0.5
0.970460704607046,0.7162,0.8241657077100115,0.9407221855628872,0.9260099113905708,0.0108978204359128,45,1.5,0.75
0.9737032569360676,0.8072,0.8826681246582833,0.9683893221355728,0.9578830830466152,0.0108978204359128,45,1.5,1.0
0.950413223140496,0.414,0.5767623293396489,0.824928774245151,0.7914416989199958,0.0107978404319136,46,1.5,0.25
0.9656706929434202,0.6076,0.7458875521728455,0.8957954309138173,0.8765115724815414,0.0107978404319136,46,1.5,0.5
0.97116924719701,0.7276,0.8319231648753715,0.94969600079984,0.9357876474867513,0.0107978404319136,46,1.5,0.75
0.9743650605269404,0.821,0.8911320959513731,0.9740778144371126,0.9649022971258484,0.0107978404319136,46,1.5,1.0
0.9408312958435208,0.3848,0.5462029808374734,0.8179086882623475,0.7740257687021723,0.0120975804839032,47,1.5,0.25
0.9614035087719298,0.6028,0.7409956976029503,0.8872836832633473,0.866472323274818,0.0120975804839032,47,1.5,0.5
0.967438105489774,0.719,0.8249196879302433,0.9432249150169968,0.927575567308741,0.0120975804839032,47,1.5,0.75
0.9709483793517408,0.8088,0.8824877250409165,0.9703427214557088,0.959833886908769,0.0120975804839032,47,1.5,1.0
0.9397528321318228,0.365,0.5257850763468741,0.8191744451109778,0.7740954160976402,0.0116976604679064,48,1.5,0.25
0.962607861936721,0.6024,0.7410505597244433,0.893117576484703,0.8728803188268333,0.0116976604679064,48,1.5,0.5
0.9692348146200368,0.7372,0.8374417812109508,0.946899900019996,0.9324866189470362,0.0116976604679064,48,1.5,0.75
0.9726123595505618,0.831,0.8962467644521139,0.9721626674665068,0.9628800769687024,0.0116976604679064,48,1.5,1.0
0.9532753092075126,0.4162,0.5794236391479883,0.8298753749250151,0.795397111211691,0.0101979604079184,49,1.5,0.25
0.9676190476190476,0.6096,0.7479754601226993,0.9023785942811438,0.8821122531555882,0.0101979604079184,49,1.5,0.5
0.972814498933902,0.73,0.8340950639853748,0.9513871625674866,0.9380274231430044,0.0101979604079184,49,1.5,0.75
0.9755160825732118,0.8128,0.8867554003927558,0.9738864727054588,0.9646042856892671,0.0101979604079184,49,1.5,1.0
0.946284691136974,0.4228,0.584462261542715,0.8206149370125975,0.7868209817237017,0.011997600479904,50,1.5,0.25
0.9623233908948194,0.613,0.7489309712889431,0.887600599880024,0.8698423017865863,0.011997600479904,50,1.5,0.5
0.9673291587258372,0.7106,0.8193243399054537,0.9410313737252548,0.9266148890053136,0.011997600479904,50,1.5,0.75
0.970414201183432,0.7872,0.8692579505300353,0.9671181063787244,0.9565652152162084,0.011997600479904,50,1.5,1.0
0.9395179627103228,0.4132,0.5739686067509376,0.8236401819636072,0.785448441471697,0.0132973405318936,51,1.5,0.25
0.9588998763906056,0.6206,0.7535211267605634,0.8978226354729053,0.8785375265394034,0.0132973405318936,51,1.5,0.5
0.9648612945838836,0.7304,0.8314171883892999,0.949999450109978,0.93642274953352,0.0132973405318936,51,1.5,0.75
0.9684908789386402,0.8176,0.8866717275783538,0.9738706358728254,0.9647639297274048,0.0132973405318936,51,1.5,1.0
