precision,recall,f1,roc_auc,pr_auc,fpr,seed,feature_set
0.979064587973274,0.8792,0.9264488935721812,0.9880804839032192,0.9818821236924684,0.0093981203759248,42,Network-only
0.8990509059534081,0.2084,0.3383666179574606,0.8164339732053589,0.7415351685663845,0.0116976604679064,42,System-only
0.9794265703655066,0.895,0.9353119448218205,0.9898351229754048,0.9844687136755316,0.0093981203759248,42,Combined
0.9764468371467026,0.8706,0.9204905899767392,0.988634653069386,0.9821468961133564,0.010497900419916,43,Network-only
0.8991399530883503,0.23,0.3663003663003663,0.8081131773645271,0.7305893655909496,0.0128974205158968,43,System-only
0.9738576449912126,0.8866,0.9281825795644892,0.9878711757648468,0.9799817600293732,0.0118976204759048,43,Combined
0.9740576496674056,0.8786,0.923869610935857,0.9870625174965008,0.9811174470496384,0.0116976604679064,44,Network-only
0.8215568862275449,0.1372,0.2351328191945158,0.7971205958808238,0.6747879197918794,0.0148970205958808,44,System-only
0.975669099756691,0.8822,0.9265833420859152,0.988508398320336,0.9818484069437404,0.010997800439912,44,Combined
0.973914902715416,0.911,0.9414074609899762,0.9909687362527494,0.9860409777643676,0.0121975604879024,45,Network-only
0.9241935483870968,0.2292,0.3673076923076923,0.8101526794641072,0.7452725013689285,0.0093981203759248,45,System-only
0.9794597008260773,0.8774,0.9256250659352252,0.9903053089382124,0.9842033648102756,0.0091981603679264,45,Combined
0.9792265193370164,0.8862,0.9303937007874016,0.9895615076984604,0.9838187237641736,0.0093981203759248,46,Network-only
0.9031719532554258,0.2164,0.3491448854469183,0.8127493401319736,0.7375365395455928,0.0115976804639072,46,System-only
0.9802823213085368,0.875,0.924653915248864,0.989287422515497,0.9830336049513584,0.0087982403519296,46,Combined
0.9784779232305304,0.882,0.9277374566109182,0.989452199560088,0.9836894212289468,0.0096980603879224,47,Network-only
0.8817504655493482,0.1894,0.3118208758643398,0.7985069086182763,0.7153164664064074,0.0126974605078984,47,System-only
0.9772879091516368,0.8778,0.9248761985038456,0.9881935712857428,0.9818253068951224,0.0101979604079184,47,Combined
0.9817301342725072,0.892,0.9347165461594886,0.9901486802639472,0.9844954130521202,0.0082983403319336,48,Network-only
0.8768920282542886,0.1738,0.2901018193957603,0.8102990901819636,0.7218197459311527,0.0121975604879024,48,System-only
0.973383194016718,0.885,0.9270898805782528,0.9880047290541892,0.9822789565322052,0.0120975804839032,48,Combined
0.9746617994417006,0.9078,0.9400434917676296,0.9899248550289944,0.9853289334075458,0.0117976404719056,49,Network-only
0.9159049360146252,0.2004,0.3288480472595996,0.8131048890221955,0.7390890270447571,0.0091981603679264,49,System-only
0.9774221832529592,0.8918,0.9326500732064422,0.9907143471305738,0.985023211151711,0.0102979404119176,49,Combined
0.975238922675934,0.898,0.9350270720533111,0.9890296040791842,0.9840492677577268,0.0113977204559088,50,Network-only
0.9209302325581395,0.198,0.3259259259259259,0.8130265546890623,0.7419805546845435,0.008498300339932,50,System-only
0.9792549631942896,0.878,0.9258673415585784,0.9891328734253148,0.9831168920318056,0.0092981403719256,50,Combined
0.978230980751604,0.8538,0.911789833404528,0.9856701959608078,0.9792041612464092,0.009498100379924,51,Network-only
0.9161676646706588,0.2754,0.4234968476087959,0.8164543591281743,0.7574450751344302,0.0125974805038992,51,System-only
0.9755991285403052,0.8956,0.9338894681960376,0.9892124775044993,0.9839667628860992,0.0111977604479104,51,Combined
