seed,threshold,precision,recall,f1,fpr,exfil_recall,benign_leads_per_10000
42,0.95,0.9068005304034855,0.9574,0.9314135616305088,0.04919016196760648,0.8728254349130175,491.9016196760648
42,0.975,0.9524196827978854,0.9368,0.9445452712240371,0.023395320935812838,0.8134373125374925,233.9532093581284
42,0.99,0.9794265703655066,0.895,0.9353119448218205,0.009398120375924815,0.6934613077384523,93.98120375924815
42,0.995,0.9892987249544627,0.869,0.9252555366269165,0.0046990601879624075,0.626874625074985,46.99060187962407
43,0.95,0.9027407689379521,0.9486,0.92510239906378,0.051089782043591284,0.8458308338332333,510.8978204359128
43,0.975,0.9417297076262523,0.9212,0.9313517338995047,0.028494301139772044,0.7636472705458909,284.94301139772045
43,0.99,0.9738576449912126,0.8866,0.9281825795644891,0.011897620475904818,0.6616676664667066,118.97620475904819
43,0.995,0.9855438274437816,0.859,0.9179311818764694,0.00629874025194961,0.5818836232753449,62.9874025194961
44,0.95,0.8935731684466929,0.9538,0.9227048466673116,0.05678864227154569,0.8614277144571085,567.8864227154569
44,0.975,0.9417633883119527,0.925,0.9333064272020987,0.028594281143771244,0.7750449910017997,285.94281143771246
44,0.99,0.975669099756691,0.8822,0.9265833420859153,0.010997800439912017,0.6472705458908218,109.97800439912017
44,0.995,0.9856014862981886,0.8488,0.9120997206103589,0.0061987602479504095,0.5470905818836233,61.9876024795041
45,0.95,0.8932311144353029,0.9554,0.9232701971395438,0.05708858228354329,0.8662267546490702,570.8858228354329
45,0.975,0.942280236589843,0.924,0.9330505907300818,0.028294341131773645,0.7720455908818237,282.94341131773643
45,0.99,0.9794597008260773,0.8774,0.9256250659352252,0.009198160367926415,0.635872825434913,91.98160367926415
45,0.995,0.9867287543655413,0.8476,0.9118881118881119,0.005698860227954409,0.5482903419316136,56.98860227954409
46,0.95,0.9058081773022545,0.9482,0.9265194449872972,0.04929014197160568,0.8446310737852429,492.9014197160568
46,0.975,0.9489880214787279,0.919,0.9337533021743548,0.02469506098780244,0.7570485902819436,246.95060987802438
46,0.99,0.9802823213085369,0.875,0.924653915248864,0.008798240351929614,0.6256748650269947,87.98240351929614
46,0.995,0.9907385419140347,0.8344,0.9058734122245141,0.003899220155968806,0.5092981403719257,38.99220155968806
47,0.95,0.9011072928598702,0.944,0.9220550888845478,0.051789642071585686,0.8320335932813437,517.8964207158568
47,0.975,0.9458117890382627,0.9146,0.9299440772750381,0.026194761047790442,0.7438512297540492,261.94761047790445
47,0.99,0.9772879091516367,0.8778,0.9248761985038457,0.010197960407918417,0.6334733053389322,101.97960407918417
47,0.995,0.9844907407407407,0.8506,0.9126609442060086,0.006698660267946411,0.5536892621475705,66.98660267946411
48,0.95,0.8953597595340973,0.9532,0.9233749878911169,0.05568886222755449,0.859628074385123,556.8886222755449
48,0.975,0.9447739824094907,0.9238,0.9341692789968652,0.026994601079784044,0.7714457108578284,269.9460107978404
48,0.99,0.973383194016718,0.885,0.9270898805782527,0.01209758048390322,0.6556688662267547,120.9758048390322
48,0.995,0.983448275862069,0.8556,0.9150802139037433,0.007198560287942412,0.5674865026994601,71.98560287942412
49,0.95,0.9002634550244637,0.9568,0.9276711266240062,0.05298940211957608,0.8704259148170366,529.8940211957608
49,0.975,0.9457333064353439,0.9376,0.9416490910916943,0.026894621075784844,0.8128374325134973,268.94621075784846
49,0.99,0.9774221832529593,0.8918,0.9326500732064422,0.010297940411917617,0.6760647870425914,102.97940411917617
49,0.995,0.9885662016922021,0.8646,0.9224367865144564,0.004999000199960008,0.5974805038992201,49.990001999600075
50,0.95,0.9101704654280789,0.9504,0.9298503081890226,0.04689062187562487,0.8512297540491902,468.90621875624873
50,0.975,0.9536960132890365,0.9186,0.9358190709046454,0.022295540891821636,0.7558488302339532,222.95540891821636
50,0.99,0.9792549631942895,0.878,0.9258673415585785,0.009298140371925615,0.635872825434913,92.98140371925615
50,0.995,0.9866635470285446,0.8434,0.9094241966788872,0.005698860227954409,0.5338932213557288,56.98860227954409
51,0.95,0.895298745083349,0.956,0.9246542218783248,0.05588882223555289,0.8680263947210558,558.8882223555289
51,0.975,0.9448402198249543,0.9284,0.9365479673156462,0.027094581083783244,0.785242951409718,270.9458108378324
51,0.99,0.9755991285403051,0.8956,0.9338894681960376,0.011197760447910418,0.6892621475704859,111.97760447910419
51,0.995,0.9878829446730681,0.8642,0.921911670578195,0.005298940211957609,0.5992801439712058,52.98940211957609
