variability_factor,attack_strength,precision_mean,precision_sd,precision_ci95,recall_mean,recall_sd,recall_ci95,f1_mean,f1_sd,f1_ci95,roc_auc_mean,roc_auc_sd,roc_auc_ci95,pr_auc_mean,pr_auc_sd,pr_auc_ci95,fpr_mean,fpr_sd,fpr_ci95
1.0,0.25,0.9591265876455541,0.004433475789937293,0.00317151752378539,0.48629999999999995,0.03487186067112946,0.024945826355139276,0.644718055698548,0.03200652894284924,0.02289609151541716,0.8504944441111778,0.0029299642845674653,0.002095970185212734,0.82432018430711,0.005957428954013805,0.004261687944083369,0.01033793241351728,0.0011718482971255478,0.0008382897720987239
1.0,0.5,0.9701554211172876,0.002994554032117353,0.002142174907177448,0.6716599999999999,0.018644999329578978,0.013337829032232733,0.7936286827816993,0.01315318965211407,0.009409225053181685,0.9325259868026394,0.0033920583632818984,0.0024265323756292555,0.912439957699444,0.003103644697461815,0.0022202136680085434,0.01033793241351728,0.0011718482971255478,0.0008382897720987239
1.0,0.75,0.9746098024681575,0.002625231340468146,0.0018779773691745133,0.7930599999999999,0.00960974042891437,0.006874394180409392,0.8744742287960052,0.005295253689899486,0.0037879962959362417,0.971206726654669,0.0017220565862814273,0.0012318850714686867,0.9594603505577071,0.002023839796642837,0.0014477677751067192,0.01033793241351728,0.0011718482971255478,0.0008382897720987239
1.0,1.0,0.9771651044564906,0.0024028044657422773,0.0017188627682658915,0.8842800000000001,0.008156905731410105,0.005835098846315914,0.9283805850113428,0.003967686970444308,0.00283831227503716,0.9886476744651069,0.0009075704474457678,0.0006492367872352162,0.9823220264493644,0.0012101808137582816,0.0008657112025951855,0.01033793241351728,0.0011718482971255478,0.0008382897720987239
1.25,0.25,0.9553873671093426,0.004273719399210954,0.0030572346864063556,0.43983999999999995,0.02301280802799461,0.016462371148603095,0.6020541602540337,0.021998175958967577,0.015736547091005304,0.8357974525094981,0.0039345903476370485,0.0028146363773476806,0.8053558329528758,0.005109506882127783,0.003655121034234748,0.01025794841031792,0.0010033485872256846,0.0007177523409678032
1.25,0.5,0.9684982581959195,0.003126914552472222,0.002236859919491174,0.6311800000000001,0.019478637871610385,0.013934178120358218,0.7641246908161606,0.014630213087761282,0.010465823968152434,0.9101885922815438,0.004303980743825606,0.0030788823482604056,0.8899416706690026,0.004834176077960474,0.0034581612420472073,0.01025794841031792,0.0010033485872256846,0.0007177523409678032
1.25,0.75,0.9733057838184953,0.002433320750090202,0.0017406928030187436,0.74786,0.013350672059654707,0.009550495457223591,0.8457552470959883,0.00836497324980752,0.005983941382509683,0.957087149570086,0.0029739496711333226,0.0021274354352544093,0.9434080537373554,0.003385990418912533,0.0024221916297195844,0.01025794841031792,0.0010033485872256846,0.0007177523409678032
1.25,1.0,0.9760586738208353,0.002122066875104679,0.00151803519403772,0.836,0.01152697319816052,0.008245899882242887,0.9005722791228117,0.0062540969969383485,0.004473911477370242,0.9798489952009598,0.0014963442949586388,0.0010704202251084676,0.9712862251558135,0.0019622157319297063,0.0014036845748401977,0.01025794841031792,0.0010033485872256846,0.0007177523409678032
1.5,0.25,0.9463483413826447,0.004916345619738703,0.0035169417912187086,0.40140000000000003,0.01801554883982168,0.012887547277418233,0.5635093693912683,0.018386915569746334,0.013153207032317578,0.821571277744451,0.004768259237249567,0.0034110071748248913,0.785308212220363,0.007345528367171723,0.0052546744454597125,0.01135772845430912,0.0009475563524620904,0.0006778409805301296
1.5,0.5,0.9641215674939057,0.002774421965096037,0.001984701912808152,0.61032,0.007025793747170329,0.005025950076963809,0.7474442551451214,0.005188491176808998,0.0037116229948981777,0.8923238292341532,0.005152563979465896,0.0036859222261666183,0.8739019065265339,0.004745988258026428,0.00339507547603489,0.01135772845430912,0.0009475563524620904,0.0006778409805301296
1.5,0.75,0.9696836799923846,0.0024982720011642646,0.001787156129026009,0.72672,0.009478490268907696,0.006780503472038862,0.8307730686269273,0.006451815832764579,0.004615351012019016,0.9459941991601679,0.0037524196608796534,0.0026843193185103593,0.9320256781620528,0.004321422952893913,0.0030913597529728027,0.01135772845430912,0.0009475563524620904,0.0006778409805301296
1.5,1.0,0.9728199908250655,0.002234567905213514,0.0015985135828548891,0.8132000000000001,0.012466844918511742,0.008918243608122663,0.885831821264501,0.007623352942375017,0.005453418173979755,0.971222049590082,0.002371482687844712,0.0016964565181395888,0.961558306157792,0.002982073244379405,0.002133246689477153,0.01135772845430912,0.0009475563524620904,0.0006778409805301296
