seed,variability_factor,attack_strength,attack,recall
42,1.0,0.25,ddos,0.8464307138572286
42,1.0,0.25,exfil,0.02579484103179364
42,1.0,0.25,recon,0.3397358943577431
42,1.0,0.5,ddos,0.997000599880024
42,1.0,0.5,exfil,0.14157168566286743
42,1.0,0.5,recon,0.7256902761104442
42,1.0,0.75,ddos,1.0
42,1.0,0.75,exfil,0.44931013797240554
42,1.0,0.75,recon,0.9345738295318127
42,1.0,1.0,ddos,1.0
42,1.0,1.0,exfil,0.6940611877624475
42,1.0,1.0,recon,0.9921968787515006
43,1.0,0.25,ddos,0.8548290341931614
43,1.0,0.25,exfil,0.03179364127174565
43,1.0,0.25,recon,0.5252100840336135
43,1.0,0.5,ddos,0.997000599880024
43,1.0,0.5,exfil,0.14217156568686262
43,1.0,0.5,recon,0.8805522208883554
43,1.0,0.75,ddos,0.9994001199760048
43,1.0,0.75,exfil,0.41811637672465507
43,1.0,0.75,recon,0.9813925570228091
43,1.0,1.0,ddos,1.0
43,1.0,1.0,exfil,0.6838632273545291
43,1.0,1.0,recon,0.9981992797118847
44,1.0,0.25,ddos,0.8572285542891421
44,1.0,0.25,exfil,0.03059388122375525
44,1.0,0.25,recon,0.6110444177671068
44,1.0,0.5,ddos,0.9958008398320336
44,1.0,0.5,exfil,0.13557288542291543
44,1.0,0.5,recon,0.9321728691476591
44,1.0,0.75,ddos,0.9994001199760048
44,1.0,0.75,exfil,0.41571685662867425
44,1.0,0.75,recon,0.9909963985594238
44,1.0,1.0,ddos,1.0
44,1.0,1.0,exfil,0.6610677864427115
44,1.0,1.0,recon,0.9987995198079231
45,1.0,0.25,ddos,0.7858428314337133
45,1.0,0.25,exfil,0.021595680863827234
45,1.0,0.25,recon,0.5912364945978391
45,1.0,0.5,ddos,0.9952009598080384
45,1.0,0.5,exfil,0.11757648470305938
45,1.0,0.5,recon,0.9027611044417767
45,1.0,0.75,ddos,0.9994001199760048
45,1.0,0.75,exfil,0.35692861427714456
45,1.0,0.75,recon,0.982593037214886
45,1.0,1.0,ddos,1.0
45,1.0,1.0,exfil,0.6256748650269947
45,1.0,1.0,recon,0.9987995198079231
46,1.0,0.25,ddos,0.8740251949610078
46,1.0,0.25,exfil,0.020395920815836834
46,1.0,0.25,recon,0.6446578631452581
46,1.0,0.5,ddos,1.0
46,1.0,0.5,exfil,0.11217756448710257
46,1.0,0.5,recon,0.904561824729892
46,1.0,0.75,ddos,1.0
46,1.0,0.75,exfil,0.3593281343731254
46,1.0,0.75,recon,0.9819927971188476
46,1.0,1.0,ddos,1.0
46,1.0,1.0,exfil,0.6250749850029994
46,1.0,1.0,recon,0.9987995198079231
47,1.0,0.25,ddos,0.8890221955608878
47,1.0,0.25,exfil,0.028194361127774445
47,1.0,0.25,recon,0.641656662665066
47,1.0,0.5,ddos,0.9976004799040192
47,1.0,0.5,exfil,0.1205758848230354
47,1.0,0.5,recon,0.9225690276110444
47,1.0,0.75,ddos,1.0
47,1.0,0.75,exfil,0.3857228554289142
47,1.0,0.75,recon,0.9867947178871549
47,1.0,1.0,ddos,1.0
47,1.0,1.0,exfil,0.6328734253149371
47,1.0,1.0,recon,0.9987995198079231
48,1.0,0.25,ddos,0.8956208758248351
48,1.0,0.25,exfil,0.027594481103779243
48,1.0,0.25,recon,0.6494597839135654
48,1.0,0.5,ddos,0.9994001199760048
48,1.0,0.5,exfil,0.125374925014997
48,1.0,0.5,recon,0.9225690276110444
48,1.0,0.75,ddos,1.0
48,1.0,0.75,exfil,0.39232153569286143
48,1.0,0.75,recon,0.9867947178871549
48,1.0,1.0,ddos,1.0
48,1.0,1.0,exfil,0.6652669466106779
48,1.0,1.0,recon,0.9993997599039616
49,1.0,0.25,ddos,0.9178164367126574
49,1.0,0.25,exfil,0.03119376124775045
49,1.0,0.25,recon,0.5282112845138055
49,1.0,0.5,ddos,1.0
49,1.0,0.5,exfil,0.15476904619076184
49,1.0,0.5,recon,0.8835534213685474
49,1.0,0.75,ddos,1.0
49,1.0,0.75,exfil,0.4397120575884823
49,1.0,0.75,recon,0.9813925570228091
49,1.0,1.0,ddos,1.0
49,1.0,1.0,exfil,0.6622675464907019
49,1.0,1.0,recon,0.9987995198079231
50,1.0,0.25,ddos,0.8608278344331134
50,1.0,0.25,exfil,0.02519496100779844
50,1.0,0.25,recon,0.5594237695078031
50,1.0,0.5,ddos,0.9982003599280144
50,1.0,0.5,exfil,0.1187762447510498
50,1.0,0.5,recon,0.8865546218487395
50,1.0,0.75,ddos,0.9994001199760048
50,1.0,0.75,exfil,0.3665266946610678
50,1.0,0.75,recon,0.982593037214886
50,1.0,1.0,ddos,1.0
50,1.0,1.0,exfil,0.6280743851229754
50,1.0,1.0,recon,0.996998799519808
51,1.0,0.25,ddos,0.9190161967606478
51,1.0,0.25,exfil,0.02579484103179364
51,1.0,0.25,recon,0.5300120048019208
51,1.0,0.5,ddos,0.9994001199760048
51,1.0,0.5,exfil,0.15416916616676665
51,1.0,0.5,recon,0.8877551020408163
51,1.0,0.75,ddos,1.0
51,1.0,0.75,exfil,0.41991601679664065
51,1.0,0.75,recon,0.982593037214886
51,1.0,1.0,ddos,1.0
51,1.0,1.0,exfil,0.6712657468506299
51,1.0,1.0,recon,0.9987995198079231
42,1.25,0.25,ddos,0.8242351529694061
42,1.25,0.25,exfil,0.026994601079784044
42,1.25,0.25,recon,0.3595438175270108
42,1.25,0.5,ddos,0.9982003599280144
42,1.25,0.5,exfil,0.11157768446310738
42,1.25,0.5,recon,0.6782713085234093
42,1.25,0.75,ddos,0.9988002399520096
42,1.25,0.75,exfil,0.33413317336532694
42,1.25,0.75,recon,0.8877551020408163
42,1.25,1.0,ddos,1.0
42,1.25,1.0,exfil,0.5446910617876425
42,1.25,1.0,recon,0.9867947178871549
43,1.25,0.25,ddos,0.7678464307138573
43,1.25,0.25,exfil,0.01859628074385123
43,1.25,0.25,recon,0.60984393757503
43,1.25,0.5,ddos,0.9952009598080384
43,1.25,0.5,exfil,0.07498500299940011
43,1.25,0.5,recon,0.8763505402160864
43,1.25,0.75,ddos,1.0
43,1.25,0.75,exfil,0.28734253149370126
43,1.25,0.75,recon,0.9633853541416567
43,1.25,1.0,ddos,1.0
43,1.25,1.0,exfil,0.4913017396520696
43,1.25,1.0,recon,0.9981992797118847
44,1.25,0.25,ddos,0.7822435512897421
44,1.25,0.25,exfil,0.02519496100779844
44,1.25,0.25,recon,0.5282112845138055
44,1.25,0.5,ddos,0.9892021595680864
44,1.25,0.5,exfil,0.10557888422315537
44,1.25,0.5,recon,0.8217286914765907
44,1.25,0.75,ddos,0.9976004799040192
44,1.25,0.75,exfil,0.3179364127174565
44,1.25,0.75,recon,0.9441776710684273
44,1.25,1.0,ddos,0.9988002399520096
44,1.25,1.0,exfil,0.5230953809238152
44,1.25,1.0,recon,0.9939975990396158
45,1.25,0.25,ddos,0.7324535092981403
45,1.25,0.25,exfil,0.020395920815836834
45,1.25,0.25,recon,0.6188475390156063
45,1.25,0.5,ddos,0.9886022795440912
45,1.25,0.5,exfil,0.09658068386322735
45,1.25,0.5,recon,0.8607442977190877
45,1.25,0.75,ddos,0.9958008398320336
45,1.25,0.75,exfil,0.29514097180563886
45,1.25,0.75,recon,0.9615846338535414
45,1.25,1.0,ddos,0.9994001199760048
45,1.25,1.0,exfil,0.4979004199160168
45,1.25,1.0,recon,1.0
46,1.25,0.25,ddos,0.901619676064787
46,1.25,0.25,exfil,0.02459508098380324
46,1.25,0.25,recon,0.4567827130852341
46,1.25,0.5,ddos,0.9982003599280144
46,1.25,0.5,exfil,0.08338332333533294
46,1.25,0.5,recon,0.758703481392557
46,1.25,0.75,ddos,1.0
46,1.25,0.75,exfil,0.27534493101379726
46,1.25,0.75,recon,0.924969987995198
46,1.25,1.0,ddos,1.0
46,1.25,1.0,exfil,0.495500899820036
46,1.25,1.0,recon,0.9915966386554622
47,1.25,0.25,ddos,0.8056388722255549
47,1.25,0.25,exfil,0.01979604079184163
47,1.25,0.25,recon,0.46038415366146457
47,1.25,0.5,ddos,0.9928014397120576
47,1.25,0.5,exfil,0.07618476304739052
47,1.25,0.5,recon,0.7947178871548619
47,1.25,0.75,ddos,0.9982003599280144
47,1.25,0.75,exfil,0.262747450509898
47,1.25,0.75,recon,0.9387755102040817
47,1.25,1.0,ddos,0.9994001199760048
47,1.25,1.0,exfil,0.48170365926814634
47,1.25,1.0,recon,0.9915966386554622
48,1.25,0.25,ddos,0.6766646670665867
48,1.25,0.25,exfil,0.01859628074385123
48,1.25,0.25,recon,0.5648259303721489
48,1.25,0.5,ddos,0.9724055188962207
48,1.25,0.5,exfil,0.07858428314337132
48,1.25,0.5,recon,0.8343337334933973
48,1.25,0.75,ddos,0.9922015596880623
48,1.25,0.75,exfil,0.277744451109778
48,1.25,0.75,recon,0.9513805522208884
48,1.25,1.0,ddos,0.9982003599280144
48,1.25,1.0,exfil,0.49610077984403117
48,1.25,1.0,recon,0.9987995198079231
49,1.25,0.25,ddos,0.8140371925614877
49,1.25,0.25,exfil,0.029994001199760048
49,1.25,0.25,recon,0.514405762304922
49,1.25,0.5,ddos,0.997000599880024
49,1.25,0.5,exfil,0.13797240551889622
49,1.25,0.5,recon,0.8325330132052821
49,1.25,0.75,ddos,0.9988002399520096
49,1.25,0.75,exfil,0.3773245350929814
49,1.25,0.75,recon,0.9633853541416567
49,1.25,1.0,ddos,0.9994001199760048
49,1.25,1.0,exfil,0.5992801439712058
49,1.25,1.0,recon,0.9963985594237695
50,1.25,0.25,ddos,0.7864427114577085
50,1.25,0.25,exfil,0.020995800839832032
50,1.25,0.25,recon,0.563625450180072
50,1.25,0.5,ddos,0.9958008398320336
50,1.25,0.5,exfil,0.08698260347930414
50,1.25,0.5,recon,0.8547418967587035
50,1.25,0.75,ddos,0.9982003599280144
50,1.25,0.75,exfil,0.2897420515896821
50,1.25,0.75,recon,0.9555822328931572
50,1.25,1.0,ddos,1.0
50,1.25,1.0,exfil,0.4979004199160168
50,1.25,1.0,recon,0.9963985594237695
51,1.25,0.25,ddos,0.7864427114577085
51,1.25,0.25,exfil,0.026394721055788842
51,1.25,0.25,recon,0.4099639855942377
51,1.25,0.5,ddos,0.9880023995200959
51,1.25,0.5,exfil,0.10497900419916016
51,1.25,0.5,recon,0.7521008403361344
51,1.25,0.75,ddos,0.9964007198560288
51,1.25,0.75,exfil,0.3251349730053989
51,1.25,0.75,recon,0.9273709483793517
51,1.25,1.0,ddos,0.9982003599280144
51,1.25,1.0,exfil,0.519496100779844
51,1.25,1.0,recon,0.9867947178871549
42,1.5,0.25,ddos,0.704259148170366
42,1.5,0.25,exfil,0.03059388122375525
42,1.5,0.25,recon,0.4477791116446579
42,1.5,0.5,ddos,0.9916016796640672
42,1.5,0.5,exfil,0.1241751649670066
42,1.5,0.5,recon,0.748499399759904
42,1.5,0.75,ddos,0.9982003599280144
42,1.5,0.75,exfil,0.3149370125974805
42,1.5,0.75,recon,0.9123649459783914
42,1.5,1.0,ddos,1.0
42,1.5,1.0,exfil,0.5026994601079784
42,1.5,1.0,recon,0.982593037214886
43,1.5,0.25,ddos,0.7348530293941212
43,1.5,0.25,exfil,0.026394721055788842
43,1.5,0.25,recon,0.4447779111644658
43,1.5,0.5,ddos,0.997000599880024
43,1.5,0.5,exfil,0.08578284343131373
43,1.5,0.5,recon,0.7472989195678271
43,1.5,0.75,ddos,1.0
43,1.5,0.75,exfil,0.2621475704859028
43,1.5,0.75,recon,0.9111644657863145
43,1.5,1.0,ddos,1.0
43,1.5,1.0,exfil,0.4445110977804439
43,1.5,1.0,recon,0.9867947178871549
44,1.5,0.25,ddos,0.6400719856028795
44,1.5,0.25,exfil,0.026994601079784044
44,1.5,0.25,recon,0.49939975990396157
44,1.5,0.5,ddos,0.9856028794241152
44,1.5,0.5,exfil,0.08638272345530894
44,1.5,0.5,recon,0.7695078031212484
44,1.5,0.75,ddos,0.9928014397120576
44,1.5,0.75,exfil,0.27174565086982605
44,1.5,0.75,recon,0.9255702280912365
44,1.5,1.0,ddos,0.9982003599280144
44,1.5,1.0,exfil,0.4349130173965207
44,1.5,1.0,recon,0.9897959183673469
45,1.5,0.25,ddos,0.7636472705458909
45,1.5,0.25,exfil,0.029394121175764846
45,1.5,0.25,recon,0.4459783913565426
45,1.5,0.5,ddos,0.9994001199760048
45,1.5,0.5,exfil,0.09178164367126575
45,1.5,0.5,recon,0.7148859543817527
45,1.5,0.75,ddos,0.9982003599280144
45,1.5,0.75,exfil,0.26094781043791243
45,1.5,0.75,recon,0.8895558223289316
45,1.5,1.0,ddos,0.9994001199760048
45,1.5,1.0,exfil,0.4331133773245351
45,1.5,1.0,recon,0.9891956782713085
46,1.5,0.25,ddos,0.7834433113377325
46,1.5,0.25,exfil,0.026994601079784044
46,1.5,0.25,recon,0.43157262905162064
46,1.5,0.5,ddos,0.9964007198560288
46,1.5,0.5,exfil,0.09718056388722256
46,1.5,0.5,recon,0.7292917166866747
46,1.5,0.75,ddos,1.0
46,1.5,0.75,exfil,0.29214157168566285
46,1.5,0.75,recon,0.8907563025210085
46,1.5,1.0,ddos,1.0
46,1.5,1.0,exfil,0.47390521895620874
46,1.5,1.0,recon,0.9891956782713085
47,1.5,0.25,ddos,0.6988602279544092
47,1.5,0.25,exfil,0.026394721055788842
47,1.5,0.25,recon,0.429171668667467
47,1.5,0.5,ddos,0.9844031193761248
47,1.5,0.5,exfil,0.09418116376724656
47,1.5,0.5,recon,0.7298919567827131
47,1.5,0.75,ddos,0.9946010797840432
47,1.5,0.75,exfil,0.27294541091781643
47,1.5,0.75,recon,0.8895558223289316
47,1.5,1.0,ddos,0.9976004799040192
47,1.5,1.0,exfil,0.4445110977804439
47,1.5,1.0,recon,0.9843937575030012
48,1.5,0.25,ddos,0.6526694661067787
48,1.5,0.25,exfil,0.03419316136772645
48,1.5,0.25,recon,0.40816326530612246
48,1.5,0.5,ddos,0.9868026394721056
48,1.5,0.5,exfil,0.11757648470305938
48,1.5,0.5,recon,0.7028811524609844
48,1.5,0.75,ddos,0.9976004799040192
48,1.5,0.75,exfil,0.33473305338932213
48,1.5,0.75,recon,0.8793517406962785
48,1.5,1.0,ddos,0.9988002399520096
48,1.5,1.0,exfil,0.5182963407318536
48,1.5,1.0,recon,0.9759903961584634
49,1.5,0.25,ddos,0.7810437912417516
49,1.5,0.25,exfil,0.028794241151769647
49,1.5,0.25,recon,0.4387755102040816
49,1.5,0.5,ddos,0.9916016796640672
49,1.5,0.5,exfil,0.10137972405518897
49,1.5,0.5,recon,0.7358943577430972
49,1.5,0.75,ddos,0.9988002399520096
49,1.5,0.75,exfil,0.29094181163767247
49,1.5,0.75,recon,0.9003601440576231
49,1.5,1.0,ddos,0.9994001199760048
49,1.5,1.0,exfil,0.4481103779244151
49,1.5,1.0,recon,0.9909963985594238
50,1.5,0.25,ddos,0.7444511097780444
50,1.5,0.25,exfil,0.015596880623875225
50,1.5,0.25,recon,0.5084033613445378
50,1.5,0.5,ddos,0.994001199760048
50,1.5,0.5,exfil,0.06418716256748651
50,1.5,0.5,recon,0.7809123649459784
50,1.5,0.75,ddos,1.0
50,1.5,0.75,exfil,0.20635872825434912
50,1.5,0.75,recon,0.9255702280912365
50,1.5,1.0,ddos,1.0
50,1.5,1.0,exfil,0.370125974805039
50,1.5,1.0,recon,0.9915966386554622
51,1.5,0.25,ddos,0.6880623875224955
51,1.5,0.25,exfil,0.029394121175764846
51,1.5,0.25,recon,0.5222088835534213
51,1.5,0.5,ddos,0.9778044391121775
51,1.5,0.5,exfil,0.10557888422315537
51,1.5,0.5,recon,0.7785114045618248
51,1.5,0.75,ddos,0.9928014397120576
51,1.5,0.75,exfil,0.29454109178164367
51,1.5,0.75,recon,0.9039615846338536
51,1.5,1.0,ddos,0.997000599880024
51,1.5,1.0,exfil,0.4631073785242951
51,1.5,1.0,recon,0.992797118847539
