variability_factor,attack_strength,attack,recall_mean,recall_sd
1.0,0.25,ddos,0.8700659868026396,0.03921276427569865
1.0,0.25,exfil,0.026814637072585485,0.003857207303944633
1.0,0.25,recon,0.5620648259303722,0.09250416340400264
1.0,0.5,ddos,0.9979604079184163,0.0017247637394799105
1.0,0.5,exfil,0.13227354529094182,0.015517850008950758
1.0,0.5,recon,0.884873949579832,0.05883836340768081
1.0,0.75,ddos,0.9997600479904019,0.000309776712354139
1.0,0.75,exfil,0.4003599280143971,0.03311883472044894
1.0,0.75,recon,0.979171668667467,0.01597899313864509
1.0,1.0,ddos,1.0,0.0
1.0,1.0,exfil,0.6549490101979604,0.025360731605974893
1.0,1.0,recon,0.9979591836734694,0.0021212258152378126
1.25,0.25,ddos,0.787762447510498,0.0588180247679447
1.25,0.25,exfil,0.023155368926214757,0.003991193745210845
1.25,0.25,recon,0.5086434573829532,0.08561471094504476
1.25,0.5,ddos,0.9915416916616676,0.007777647514511298
1.25,0.5,exfil,0.09568086382723455,0.01987214189247252
1.25,0.5,recon,0.806422569027611,0.06115399619510327
1.25,0.75,ddos,0.9976004799040192,0.002331914375063129
1.25,0.75,exfil,0.3042591481703659,0.03447417243437823
1.25,0.75,recon,0.9418367346938776,0.023645786286515667
1.25,1.0,ddos,0.9993401319736053,0.0007181877622902856
1.25,1.0,exfil,0.5146970605878824,0.035058640982112574
1.25,1.0,recon,0.9940576230492197,0.0047554271786945995
1.5,0.25,ddos,0.719136172765447,0.05066672527897494
1.5,0.25,exfil,0.027474505098980206,0.004805700903275281
1.5,0.25,recon,0.4576230492196879,0.03827149764083097
1.5,0.5,ddos,0.9904619076184764,0.006724426445941186
1.5,0.5,exfil,0.09682063587282544,0.01701235493207972
1.5,0.5,recon,0.7437575030012005,0.0263611801380121
1.5,0.75,ddos,0.9973005398920216,0.0028594980296090893
1.5,0.75,exfil,0.28014397120575885,0.03482864823078232
1.5,0.75,recon,0.9028211284513805,0.01581632336679103
1.5,1.0,ddos,0.9990401919616076,0.0011025033994873066
1.5,1.0,exfil,0.45332933413317333,0.040866317559004856
1.5,1.0,recon,0.9873349339735894,0.0051045902190037275
